Group,Intercept,Slope
38-A-01,18.885952,-0.59692
43-F-01,16.339699,-0.56930235
17-D-04,20.253961,-0.55031603
46-A-01,16.20746,-0.52963475
